<?xml version="1.0" encoding="UTF-8"?>
<project-private xmlns="http://www.netbeans.org/ns/project-private/1">
    <editor-bookmarks xmlns="http://www.netbeans.org/ns/editor-bookmarks/2" lastBookmarkId="0"/>
    <open-files xmlns="http://www.netbeans.org/ns/projectui-open-files/2">
        <group>
            <file>file:/C:/Users/Carden%20Roden/Documents/College/Senior%20Year%20(1st%20and%202nd)/1st%20Semester/CS%20321/CS321Game-Background_Graphics_Version/CS321Game-master/src/pkg321_project/Node.java</file>
            <file>file:/C:/Users/Carden%20Roden/Documents/College/Senior%20Year%20(1st%20and%202nd)/1st%20Semester/CS%20321/CS321Game-Background_Graphics_Version/CS321Game-master/src/pkg321_project/IntroductionFrame.java</file>
            <file>file:/C:/Users/Carden%20Roden/Documents/College/Senior%20Year%20(1st%20and%202nd)/1st%20Semester/CS%20321/CS321Game-Background_Graphics_Version/CS321Game-master/src/pkg321_project/Main.java</file>
            <file>file:/C:/Users/Carden%20Roden/Documents/College/Senior%20Year%20(1st%20and%202nd)/1st%20Semester/CS%20321/CS321Game-Background_Graphics_Version/CS321Game-master/src/pkg321_project/GamePlayFrame.java</file>
            <file>file:/C:/Users/Carden%20Roden/Documents/College/Senior%20Year%20(1st%20and%202nd)/1st%20Semester/CS%20321/CS321Game-Background_Graphics_Version/CS321Game-master/src/pkg321_project/B_Tree.java</file>
            <file>file:/C:/Users/Carden%20Roden/Documents/College/Senior%20Year%20(1st%20and%202nd)/1st%20Semester/CS%20321/CS321Game-Background_Graphics_Version/CS321Game-master/src/pkg321_project/Storyline.java</file>
        </group>
    </open-files>
</project-private>
